"id","price"
"1103147381726050","R$ 119.99"
"5560507875758739","R$ 129.99"
"6610866050230507","R$ 149.99"
"4749821270410249","R$ 59.99"
"6117853093426272","R$ 719.99"
"0836655137170512","R$ 79.99"
"5724278802917541","R$ 269.99"
"8603527149461191","R$ 99.99"
"3743059756966471","R$ 69.99"
"0965081033587534","R$ 239.99"
"3435391228983718","R$ 129.99"
"6521439928902161","R$ 229.99"
"8995663652472306","R$ 159.99"
"3162367364026116","R$ 89.99"
"4906529067506826","R$ 99.99"
"9384763159668814","R$ 279.99"
"1585739672674906","R$ 369.99"
"0869831287432029","R$ 109.99"
"5082268821921541","R$ 59.99"
"5046226210775335","R$ 859.99"
"3401577985304310","R$ 449.99"
"7169742844647237","R$ 99.99"
"1753161858500730","R$ 129.99"
"4320210718363415","R$ 89.99"
"3227042978005683","R$ 69.99"
"5963234585876464","R$ 179.99"
"4192272235319868","R$ 209.99"
"9547862851206271","R$ 179.99"
"8608678709095371","R$ 119.99"
"2797403207528844","R$ 139.99"
"6647575512391531","R$ 79.99"
"3718505467025375","R$ 59.99"
"5355537310142946","R$ 69.99"
"9019602169520580","R$ 59.99"
"2084252061976543","R$ 209.99"
"1578363853236362","R$ 79.99"
"1680082050273808","R$ 179.99"
"7524753926249491","R$ 219.99"
"8009788728531388","R$ 519.99"
"4436780242399700","R$ 139.99"
"9729100180125238","R$ 129.99"
"8106789993386720","R$ 279.99"
"9726420287195813","R$ 299.99"
"1793298509560276","R$ 99.99"
"8305527730775059","R$ 109.99"
"4064196597618477","R$ 279.99"
"0405838209685373","R$ 139.99"
"2425395004969050","R$ 99.99"
"1729126814810415","R$ 529.99"
"1953339249816777","R$ 79.99"
"3687919753132821","R$ 89.99"
"7788551339793245","R$ 389.99"
"1682075342169281","R$ 89.99"
"4832267545397796","R$ 369.99"
"8190069079587426","R$ 309.99"
"5024486631480891","R$ 109.99"
"9708093804321686","R$ 109.99"
"8386634536883272","R$ 69.99"
"2787826137628783","R$ 129.99"
"0006925906786980","R$ 69.99"
"7626122411218033","R$ 319.99"
"6615705039362010","R$ 79.99"
"5877271393717523","R$ 169.99"
"4382563827282671","R$ 189.99"
"4173959208111340","R$ 509.99"
"8769768780198731","R$ 129.99"
"1388336591966386","R$ 109.99"
"4553294051522784","R$ 249.99"
"7158867983460687","R$ 159.99"
"4079602402799132","R$ 89.99"
"2505395284966684","R$ 149.99"
"1084212905785578","R$ 219.99"
"9384422659797162","R$ 159.99"
"3083658408397286","R$ 279.99"
"3982462104464796","R$ 119.99"
"7075183552593642","R$ 69.99"
"1300372117573074","R$ 79.99"
"4521311200218391","R$ 129.99"
"7874939943798283","R$ 229.99"
"3861494937104095","R$ 79.99"
"6159673295965411","R$ 129.99"
"8735713485328275","R$ 379.99"
"5441451379876793","R$ 99.99"
"8445366876815735","R$ 89.99"
"6901755277049087","R$ 159.99"
"0700638728126290","R$ 179.99"
"2682971558456618","R$ 189.99"
"1050567052363872","R$ 189.99"
"7793722846376547","R$ 159.99"
"5876434160159552","R$ 179.99"
"9484360598509700","R$ 149.99"
"2465995272112938","R$ 69.99"
"4438191406816603","R$ 189.99"
"8235753178655253","R$ 109.99"
"2403018479069781","R$ 159.99"
"7626118691310975","R$ 199.99"
"5872771908618674","R$ 119.99"
"4287183247604519","R$ 159.99"
"1081437774013736","R$ 99.99"
"9565937277869432","R$ 129.99"
"0347111456238101","R$ 449.99"
"7239815696599156","R$ 259.99"
"6070656480806110","R$ 569.99"
"6361159202454319","R$ 99.99"
"5657177631962881","R$ 149.99"
"5656607903440479","R$ 99.99"
"4491313768275309","R$ 209.99"
"6911034513701687","R$ 69.99"
"6103103934725008","R$ 129.99"
"8763865843639572","R$ 279.99"
"1107408196911503","R$ 89.99"
"3440851547510342","R$ 199.99"
"0513469726395445","R$ 169.99"
"5419486619131261","R$ 99.99"
"4574238634771748","R$ 369.99"
"9391613890026202","R$ 89.99"
"9557322951268602","R$ 79.99"
"2100017011477147","R$ 89.99"
"1517531952779532","R$ 129.99"
"4138626725212437","R$ 89.99"
"2275044491798209","R$ 359.99"
"6018715673862093","R$ 99.99"
"2624932434481232","R$ 129.99"
"4151244122220402","R$ 129.99"
"0084930858495963","R$ 69.99"
"7459238535377228","R$ 149.99"
"9817554088189597","R$ 99.99"
"2962889383841556","R$ 179.99"
"1114665953529687","R$ 549.99"
"5783018103079394","R$ 79.99"
"2544089829633400","R$ 139.99"
"9377250605059524","R$ 259.99"
"6641616559892316","R$ 159.99"
"7360050226558564","R$ 69.99"
"9400338819079484","R$ 99.99"
"2617379814808962","R$ 219.99"
"0368803749552270","R$ 309.99"
"9075899144454493","R$ 209.99"
"3911812857959617","R$ 79.99"
"1197055749430200","R$ 399.99"
"9971915682097746","R$ 339.99"
"2703512059197298","R$ 59.99"
"5934711021936383","R$ 109.99"
"8737008581433809","R$ 149.99"
"7333867403380355","R$ 169.99"
"4973589922999273","R$ 229.99"
"1672109300540483","R$ 89.99"
"9207257432119323","R$ 139.99"
"1656737368712624","R$ 149.99"
"9831740135620775","R$ 89.99"
"0377369335334163","R$ 109.99"
"9559028453175971","R$ 189.99"
"8071778368648261","R$ 179.99"
"0062701218859899","R$ 89.99"
"2079568165328092","R$ 509.99"
"6666985586247715","R$ 659.99"
"3343878728414271","R$ 139.99"
"1658052602868259","R$ 69.99"
"8268751370321520","R$ 129.99"
"0630077813221910","R$ 109.99"
"9033430440865198","R$ 419.99"
"5279850488093755","R$ 79.99"
"7403173395445845","R$ 609.99"
"8736569175548020","R$ 239.99"
"3007097151041331","R$ 99.99"
"8571796723982141","R$ 59.99"
"5177349726269410","R$ 169.99"
"5570506131041348","R$ 179.99"
"4312145667681987","R$ 79.99"
"4963753772519858","R$ 69.99"
"0406761907200386","R$ 259.99"
"7639909512261065","R$ 419.99"
"4485479421379906","R$ 209.99"
"8887612529938775","R$ 969.99"
"0686000523919882","R$ 119.99"
"7090405108727243","R$ 199.99"
"3519160881914672","R$ 389.99"
"0177530408098682","R$ 289.99"
"2334321218112483","R$ 89.99"
"3008988626425095","R$ 259.99"
"7184844027865891","R$ 139.99"
"3676757568687508","R$ 149.99"
"0764459092272855","R$ 99.99"
"0790998106361714","R$ 179.99"
"4433505604310238","R$ 69.99"
"6585554864622676","R$ 169.99"
"4091775419581368","R$ 189.99"
"1970245791085124","R$ 959.99"
"2521321577041244","R$ 179.99"
"7530019929201077","R$ 109.99"
"1406943748207715","R$ 379.99"
"3412692080704269","R$ 109.99"
"4567259194759924","R$ 139.99"
"9128638957474485","R$ 99.99"
"6085207523469605","R$ 229.99"
"9197645268154072","R$ 79.99"
"8223250751635718","R$ 99.99"
"3761755386551477","R$ 329.99"
"1723101917676710","R$ 119.99"
"9257824150323744","R$ 69.99"
"0382584604977745","R$ 89.99"
"2118031272519985","R$ 59.99"
"1581794165013099","R$ 379.99"
"5500431905778387","R$ 109.99"
"9771781326396379","R$ 159.99"
"4353231445875183","R$ 99.99"
"9293611176065089","R$ 199.99"
"2122148932220914","R$ 189.99"
"3997786847943545","R$ 229.99"
"1153354702770052","R$ 459.99"
"4497880244280471","R$ 69.99"
"1276498047085256","R$ 189.99"
"8069441345584055","R$ 99.99"
"1832758951605743","R$ 189.99"
"0013857589216651","R$ 299.99"
"4630937630234436","R$ 69.99"
"8970577750699270","R$ 249.99"
"3295249927600860","R$ 59.99"
"7961648794724495","R$ 259.99"
"1772024675734027","R$ 89.99"
"8960734543645270","R$ 289.99"
"0372963755429486","R$ 59.99"
"7120516482889205","R$ 219.99"
"4572127399959390","R$ 229.99"
"6682364193475153","R$ 589.99"
"4742651901244576","R$ 309.99"
"8693817604716293","R$ 999.99"
"5134652376923783","R$ 309.99"
"5265810193381174","R$ 89.99"
"6246060766975145","R$ 199.99"
"6364238663181589","R$ 669.99"
"0211715345013205","R$ 259.99"
"1185017189479364","R$ 599.99"
"1430542826025390","R$ 849.99"
"5627946912244520","R$ 159.99"
"2826776689620061","R$ 89.99"
"5537768881674180","R$ 109.99"
"2190789410410916","R$ 79.99"
"5003368465273242","R$ 169.99"
"8730814478681907","R$ 139.99"
"1572817461701754","R$ 199.99"
"1332626255142810","R$ 79.99"
"1312537760350192","R$ 79.99"
"6778117955540355","R$ 69.99"
"1179528439006259","R$ 99.99"
"5515579001243550","R$ 1359.99"
"5071684990321117","R$ 99.99"
"9894720809096285","R$ 99.99"
"1961583021948356","R$ 89.99"
"6243531453516460","R$ 269.99"
"1293655742220189","R$ 89.99"
"8145189082857537","R$ 219.99"
"2254743881751879","R$ 69.99"
"6592557650885812","R$ 139.99"
"3277734470011140","R$ 159.99"
"8002739472018836","R$ 89.99"
"7883179378283868","R$ 69.99"
"4947820399503881","R$ 309.99"
"7819086562604035","R$ 69.99"
"1241407433926121","R$ 429.99"
"3101880079415747","R$ 339.99"
"8710730093409126","R$ 89.99"
"0723170656047709","R$ 679.99"
"5661289956043796","R$ 139.99"
"0314944669354927","R$ 129.99"
"7845234555233700","R$ 79.99"
"5192411055008459","R$ 139.99"
"6956661248737275","R$ 79.99"
"4551378130844061","R$ 169.99"
"1915043862778822","R$ 229.99"
"7305741721285647","R$ 359.99"
"6406137778029903","R$ 809.99"
"7583722732653356","R$ 99.99"
"5519974930471990","R$ 109.99"
"9272245176251054","R$ 549.99"
"9117643930127254","R$ 189.99"
"6758696338075820","R$ 549.99"
"5010697393826825","R$ 79.99"
"9049538532273350","R$ 119.99"
"5718775302825686","R$ 339.99"
"8035489124170521","R$ 69.99"
"2019044132564060","R$ 69.99"
"6200937091101001","R$ 159.99"
"2408962851874593","R$ 149.99"
"7736642520112403","R$ 239.99"
"7916439398086575","R$ 159.99"
"0992494684778402","R$ 149.99"
"0464767630826316","R$ 369.99"
"8128983053871308","R$ 149.99"
"2068016324895059","R$ 99.99"
"6062998103458175","R$ 69.99"
"5715828005889289","R$ 329.99"
"3915096296275788","R$ 109.99"
"0240149771495201","R$ 159.99"
"8055249672723379","R$ 139.99"
"3997575236435730","R$ 139.99"
"2176754534690460","R$ 289.99"
"6998453446867991","R$ 99.99"
"7629329152981623","R$ 89.99"
"6331411194563932","R$ 179.99"
"5308429294874960","R$ 289.99"
"9955623361846944","R$ 149.99"
"4679173634567185","R$ 999.99"
"5947866548953062","R$ 579.99"
"4919299550804508","R$ 379.99"
"1825001211572055","R$ 169.99"
"4684941965874294","R$ 99.99"
"1823181059525431","R$ 159.99"
"0752281495895764","R$ 89.99"
"7278449229991955","R$ 219.99"
"8834922688786448","R$ 239.99"
"3472731241062826","R$ 369.99"
"1943161872380220","R$ 189.99"
"8992566334973388","R$ 529.99"
"4829461513417031","R$ 379.99"
"2704496910663668","R$ 69.99"
"4102457931361335","R$ 129.99"
"3372227574920279","R$ 259.99"
"8461635958561891","R$ 209.99"
"8740724746928608","R$ 99.99"
"1680665152005621","R$ 389.99"
"0200138070964875","R$ 129.99"
"1057208141744217","R$ 179.99"
"6172007101571502","R$ 79.99"
"2773911223313023","R$ 269.99"
"1821895606995585","R$ 189.99"
"4131989793185114","R$ 209.99"
"8435247686053323","R$ 379.99"
"9439567810961200","R$ 109.99"
"1951652300141951","R$ 89.99"
"0039859686161393","R$ 149.99"
"4740199566123187","R$ 179.99"
"6371007592320253","R$ 439.99"
"6658610808873559","R$ 139.99"
"0896480763717814","R$ 89.99"
"0497886471467050","R$ 209.99"
"6679714919192692","R$ 99.99"
"8155098024721037","R$ 79.99"
"8941627859158224","R$ 59.99"
"4563106171422678","R$ 169.99"
"1345407979363786","R$ 129.99"
"9920041361600294","R$ 309.99"
"8065235063239012","R$ 299.99"
"7802340384117610","R$ 149.99"
"1574909183923711","R$ 199.99"
"2195406879398272","R$ 99.99"
"6240540821272287","R$ 219.99"
"4020517437832060","R$ 489.99"
"1365458319167786","R$ 59.99"
"3449613747531694","R$ 69.99"
"1090646092249694","R$ 109.99"
"2684169412662200","R$ 169.99"
"8870614091969404","R$ 89.99"
"3711969371524400","R$ 239.99"
"9645158966710464","R$ 329.99"
"2274859106524322","R$ 119.99"
"3658298903247305","R$ 209.99"
"9575266027787306","R$ 149.99"
"5988356732133055","R$ 149.99"
"8939864918204502","R$ 89.99"
"0262789922314726","R$ 109.99"
"9927476651701418","R$ 159.99"
"6689484135778185","R$ 169.99"
"3116981565382276","R$ 99.99"
"8804227464824572","R$ 99.99"
"8718780334763182","R$ 189.99"
"0754773728900314","R$ 209.99"
"1440997331174750","R$ 279.99"
"6799860286168205","R$ 419.99"
"9596693538127141","R$ 299.99"
"5279577112603889","R$ 159.99"
"3795571342602327","R$ 89.99"
"3938677720632814","R$ 379.99"
"8776555594991375","R$ 1429.99"
"2581865797464526","R$ 89.99"
"0583640773589518","R$ 99.99"
"5017762388432295","R$ 179.99"
"5199936131599111","R$ 109.99"
"7032148535853734","R$ 139.99"
"4539627375451541","R$ 239.99"
"6457932521038144","R$ 199.99"
"0397797921370100","R$ 309.99"
"0877349839976211","R$ 59.99"
"6350748800120974","R$ 99.99"
"7111404548222954","R$ 279.99"
"4265825210311690","R$ 59.99"
"0234892529185539","R$ 199.99"
"1267372581846595","R$ 319.99"
"1797839864433941","R$ 209.99"
"0970951472620752","R$ 1429.99"
"9457839683773402","R$ 59.99"
"6912785634092450","R$ 189.99"
"5227256908545764","R$ 169.99"
"2308949157933578","R$ 109.99"
"2143558227614815","R$ 129.99"
"5918250461712030","R$ 399.99"
"8071060213094964","R$ 129.99"
"1916450146970858","R$ 109.99"
"0314939789614138","R$ 229.99"
"2452636856482271","R$ 329.99"
"6643184092284957","R$ 169.99"
"8512730583539416","R$ 79.99"
"1208442418259466","R$ 479.99"
"9964536343920247","R$ 109.99"
"1772593186056764","R$ 259.99"
"5945085793499145","R$ 99.99"
"4843149704743887","R$ 399.99"
"3438688370488434","R$ 59.99"
"5911346785259659","R$ 149.99"
"7593529748415778","R$ 119.99"
"5225980253756707","R$ 119.99"
"4512416133764900","R$ 159.99"
"0804030136918833","R$ 89.99"
"9909039362480852","R$ 69.99"
"3837486874839830","R$ 129.99"
"4673260981274285","R$ 239.99"
"8930493245405754","R$ 79.99"
"2177906499996296","R$ 189.99"
"6503075994624202","R$ 119.99"
"3121854650337271","R$ 159.99"
"6340845892435682","R$ 179.99"
"0237988034058482","R$ 199.99"
"4709105222844806","R$ 99.99"
"4053593630412645","R$ 1479.99"
"9707678532721889","R$ 289.99"
"5451664695003951","R$ 169.99"
"3478619110401280","R$ 159.99"
"8142217799935546","R$ 69.99"
"0681278228511961","R$ 929.99"
"6931687693237197","R$ 269.99"
"0855035573869336","R$ 119.99"
"6191255034980325","R$ 59.99"
"8270825043746320","R$ 139.99"
"3772467709276316","R$ 69.99"
"7590178015292779","R$ 89.99"
"6619694009444656","R$ 189.99"
"1267242931298470","R$ 419.99"
"2660610281287466","R$ 139.99"
"3068876601317358","R$ 69.99"
"8257253995382437","R$ 89.99"
"6054112545856380","R$ 129.99"
"9503452550336888","R$ 119.99"
"6792781222818836","R$ 89.99"
"3544381458303930","R$ 689.99"
"6790646018135074","R$ 279.99"
"9284169487232506","R$ 129.99"
"5662668090431654","R$ 149.99"
"6391509326056116","R$ 69.99"
"3420239177152313","R$ 199.99"
"2885214730244087","R$ 269.99"
"2512378104445372","R$ 89.99"
"1021738475018750","R$ 199.99"
"9366416782786016","R$ 139.99"
"5229058740628488","R$ 119.99"
"6881381826284991","R$ 769.99"
"4866658603621591","R$ 209.99"
"8300893274317710","R$ 199.99"
"9467201552203656","R$ 119.99"
"7337120410496102","R$ 169.99"
"6317069857434335","R$ 139.99"
"4438552223879977","R$ 49.99"
"4474486493914756","R$ 99.99"
"6223631298961580","R$ 109.99"
"3589475383414557","R$ 69.99"
"5381867289867087","R$ 129.99"
"5448354553019902","R$ 59.99"
"1885370116340949","R$ 529.99"
"7134763301724424","R$ 89.99"
"3694795369343420","R$ 69.99"
"7323182249728302","R$ 79.99"
"8955250640218580","R$ 119.99"
"6387583369309097","R$ 99.99"
"4717051541233592","R$ 79.99"
"2412219562629374","R$ 109.99"
"9358397781985844","R$ 89.99"
"4375922657491268","R$ 149.99"
"5652770779519338","R$ 499.99"
"7549608140515396","R$ 99.99"
"8850482773235169","R$ 149.99"
"2702369933507900","R$ 169.99"
"9296115724759286","R$ 129.99"
"1775580960099068","R$ 429.99"
"8734786140028421","R$ 229.99"
"0228937618855763","R$ 69.99"
"5214596594459359","R$ 79.99"
"4108839226350294","R$ 299.99"
"8782584960565475","R$ 79.99"
"1786777608480707","R$ 59.99"
"9015511265038908","R$ 419.99"
"2680814348861654","R$ 329.99"
"1984619013044318","R$ 99.99"
"3231431538742764","R$ 159.99"
"9319059156231240","R$ 199.99"
"6673129652159681","R$ 99.99"
"7494455619890305","R$ 99.99"
"3660116033512028","R$ 139.99"
"9002288100749473","R$ 759.99"
"0172284967034977","R$ 69.99"
"1470548180093171","R$ 209.99"
"2134972719472726","R$ 259.99"
"0457929266063035","R$ 119.99"
"2183140249388338","R$ 119.99"
"1293258104729723","R$ 109.99"
"0810957204401521","R$ 119.99"
"3911904682930689","R$ 249.99"
"7740182761060808","R$ 59.99"
"6312782922431405","R$ 329.99"
"5779746043587273","R$ 229.99"
"4613774816006295","R$ 309.99"
"9791612371471722","R$ 99.99"
"8899761455376820","R$ 69.99"
"9664947028821901","R$ 379.99"
"4933328480076659","R$ 79.99"
"9688766258459001","R$ 199.99"
"3918034423180587","R$ 209.99"
"3272292009369749","R$ 169.99"
"0211865391538263","R$ 109.99"
"6049494647670312","R$ 79.99"
"1955216310033852","R$ 189.99"
"2405277294451849","R$ 369.99"
"7301653779473941","R$ 149.99"
"1235306195909567","R$ 129.99"
"8842032815507943","R$ 89.99"
"2311438528775720","R$ 129.99"
"7648234211085361","R$ 199.99"
"7169271876251089","R$ 259.99"
"6761851506135216","R$ 179.99"
"4101395401076219","R$ 139.99"
"1975991665930843","R$ 189.99"
"6584992408928248","R$ 149.99"
"5121024241918618","R$ 109.99"
"7200822679855347","R$ 119.99"
"0748244308724563","R$ 109.99"
"0613149188324399","R$ 719.99"
"6898407293771350","R$ 89.99"
"5298925034735100","R$ 99.99"
"6026418062920068","R$ 329.99"
"4875411531991839","R$ 249.99"
"3412802516691131","R$ 189.99"
"1800405244732975","R$ 409.99"
"9261660767752631","R$ 369.99"
"3307441119292225","R$ 669.99"
"2101172250181234","R$ 199.99"
"1941746962636229","R$ 139.99"
"1924884832667185","R$ 79.99"
"5040889622262866","R$ 249.99"
"3870926113784043","R$ 169.99"
"8436372257721438","R$ 1159.99"
"0626712302636037","R$ 209.99"
"7615005824881804","R$ 179.99"
"0547828707534199","R$ 219.99"
"3580302645223212","R$ 399.99"
"5007541629354099","R$ 349.99"
"7574033224638652","R$ 129.99"
"9133905511901688","R$ 69.99"
"1067569335029831","R$ 209.99"
"5995194052274193","R$ 69.99"
"6315746714157529","R$ 109.99"
"6755960655822787","R$ 179.99"
"1999583433860536","R$ 499.99"
"9295309822142061","R$ 439.99"
"7664197588521357","R$ 4129.99"
"6747598017804951","R$ 109.99"
"5643661605122418","R$ 79.99"
"3301711276541544","R$ 239.99"
"0553585212832105","R$ 189.99"
"5588491755853997","R$ 149.99"
"1999851042766352","R$ 1769.99"
"4535005801260780","R$ 179.99"
"6780815604110493","R$ 119.99"
"5482432179818638","R$ 169.99"
"1696840359713552","R$ 129.99"
"5109578638981932","R$ 259.99"
"0102135394207412","R$ 209.99"
"3909408962167761","R$ 109.99"
"9542132714578769","R$ 79.99"
"9916519374526191","R$ 69.99"
"5761826328086493","R$ 139.99"
"0323947684725883","R$ 159.99"
"2001899218215879","R$ 69.99"
"1101119566003569","R$ 99.99"
"3002724707188557","R$ 79.99"
"9624346972071045","R$ 229.99"
"9733464357903887","R$ 809.99"
"1268466863290041","R$ 119.99"
"3792876207518219","R$ 129.99"
"5114157729294748","R$ 89.99"
"3565153114109975","R$ 189.99"
"4487606654307714","R$ 229.99"
"4993614990003001","R$ 149.99"
"6620585857634144","R$ 229.99"
"0199867064868520","R$ 129.99"
"9609298322307408","R$ 59.99"
"5792097299942521","R$ 119.99"
"8373412910238644","R$ 79.99"
"5278570492417088","R$ 459.99"
"9163712218797107","R$ 549.99"
"5515785093875383","R$ 89.99"
"9073062796147301","R$ 69.99"
"1589227916848040","R$ 79.99"
"5564561661312836","R$ 519.99"
"1527796185738106","R$ 409.99"
"1028087575270619","R$ 79.99"
"1071623753930409","R$ 99.99"
"2079588263118212","R$ 69.99"
"5712541721230744","R$ 189.99"
"4107381673696980","R$ 79.99"
"8291189246008998","R$ 449.99"
"0081727343548934","R$ 729.99"
"9761817108580245","R$ 339.99"
"4889241588425949","R$ 109.99"
"3536181234209506","R$ 129.99"
"2937855841519598","R$ 119.99"
"7638342629719858","R$ 3139.99"
"1676102637133715","R$ 129.99"
"2758089060860639","R$ 439.99"
"4769985644559332","R$ 109.99"
"2650673121065190","R$ 179.99"
"0617314597704355","R$ 99.99"
"3911472206141913","R$ 219.99"
"7564739347138884","R$ 89.99"
"8749111628201347","R$ 179.99"
"6913829930328730","R$ 269.99"
"7599524239604450","R$ 169.99"
"7521721652605029","R$ 109.99"
"6508084032033824","R$ 139.99"
"5397463401287045","R$ 3199.99"
"8926701776862779","R$ 439.99"
"4705719357374914","R$ 69.99"
"4035376981421174","R$ 189.99"
"6148652745307106","R$ 149.99"
"0353198908309930","R$ 169.99"
"6945069934031333","R$ 179.99"
"9803632253731608","R$ 59.99"
"3770193630264070","R$ 119.99"
"9249991950405021","R$ 89.99"
"7931145311786597","R$ 119.99"
"5853222027118135","R$ 329.99"
"9722183585968759","R$ 149.99"
"4871344650664406","R$ 89.99"
"3229197887652867","R$ 189.99"
"3934218881241923","R$ 99.99"
"1129199953779459","R$ 69.99"
"2564661523913679","R$ 159.99"
"4604343348364415","R$ 459.99"
"9337821764175471","R$ 149.99"
"6538147345116099","R$ 309.99"
"0538256885273387","R$ 199.99"
"3441831461922446","R$ 3109.99"
"9179113086250075","R$ 89.99"
"6274773889866706","R$ 859.99"
"0406081205187929","R$ 69.99"
"2305358498576584","R$ 169.99"
"1985372140241398","R$ 279.99"
"3988982655688944","R$ 79.99"
"2835637910397565","R$ 99.99"
"7444028879126958","R$ 189.99"
"9211874041287965","R$ 69.99"
"7694693641236181","R$ 129.99"
"1131197997367190","R$ 349.99"
"2977463907186157","R$ 169.99"
"3398743264000477","R$ 109.99"
"3990896556238598","R$ 99.99"
"7473131263632912","R$ 119.99"
"7058739096196176","R$ 119.99"
"0761056713720457","R$ 109.99"
"3155834140369589","R$ 69.99"
"5843282595896476","R$ 239.99"
"5455802418546406","R$ 179.99"
"1487561870084642","R$ 709.99"
"7210303046391776","R$ 299.99"
"8696395736373742","R$ 199.99"
"5498861872864945","R$ 389.99"
"6733493701386202","R$ 89.99"
"8143740379351393","R$ 169.99"
"0258029753962370","R$ 119.99"
"6222114075504971","R$ 89.99"
"4422539173515836","R$ 89.99"
"7030748461442251","R$ 639.99"
"6250882523931165","R$ 169.99"
"8283461422357649","R$ 79.99"
"7760563228308661","R$ 139.99"
"9824874902665658","R$ 129.99"
"6294782076927438","R$ 109.99"
"7573602134351631","R$ 439.99"
"3361256957963291","R$ 169.99"
"1923065335982810","R$ 79.99"
"0987283448365995","R$ 149.99"
"3801443870209953","R$ 199.99"
"7817805408905474","R$ 259.99"
"1015930429047533","R$ 89.99"
"4624983133390163","R$ 169.99"
"8223333830656484","R$ 139.99"
"2335621793773615","R$ 149.99"
"8082503167339572","R$ 209.99"
"1523106112669422","R$ 69.99"
"9074483386233659","R$ 69.99"
"1879719310443632","R$ 69.99"
"8927082228632551","R$ 549.99"
"3233777877547809","R$ 49.99"
"4029200209517711","R$ 139.99"
"2221809545575072","R$ 79.99"
"9261300436533100","R$ 539.99"
"3938625933172045","R$ 619.99"
"6711033676215725","R$ 149.99"
"8561561596304585","R$ 289.99"
"5540241208761789","R$ 129.99"
"4459804551400469","R$ 109.99"
"5009305995359190","R$ 219.99"
"5305815552131427","R$ 99.99"
"0793855625281579","R$ 69.99"
"8183857682442472","R$ 129.99"
"8760841623703343","R$ 109.99"
"7070054315370169","R$ 179.99"
"2479459127995322","R$ 299.99"
"6609477953429827","R$ 69.99"
"3428986326845325","R$ 259.99"
"1124318594096957","R$ 99.99"
"1508777505735995","R$ 169.99"
"7574041514362995","R$ 109.99"
"2192685902985174","R$ 149.99"
"8350928301640844","R$ 129.99"
"0028319573784564","R$ 69.99"
"0681785640405356","R$ 149.99"
"2396625608643070","R$ 89.99"
"7181559659954030","R$ 89.99"
"7725946132429931","R$ 239.99"
"7225406745482655","R$ 249.99"
"1550942795415343","R$ 59.99"
"6595712158128611","R$ 89.99"
"0491132484797870","R$ 79.99"
"4551629145179076","R$ 359.99"
"6011488480452891","R$ 69.99"
"5210297481396844","R$ 89.99"
"6783890406630541","R$ 199.99"
"4159628273969333","R$ 79.99"
"7154815993178250","R$ 69.99"
"5220195106767422","R$ 79.99"
"7400265018442002","R$ 199.99"
"8460119654168355","R$ 149.99"
"2190024603079044","R$ 289.99"
"4599881230236143","R$ 99.99"
"9166275368634336","R$ 169.99"
"6107389253000390","R$ 99.99"
"6015656928315371","R$ 249.99"
"4045969656566846","R$ 309.99"
"5709711246509936","R$ 149.99"
"6666059874814554","R$ 439.99"
"5580595580154139","R$ 129.99"
"3872722734905375","R$ 149.99"
"5960455863027184","R$ 229.99"
"2990577221110012","R$ 129.99"
"8441185163311455","R$ 269.99"
"8953572393027363","R$ 199.99"
"3472759808356688","R$ 159.99"
"9329044715983915","R$ 139.99"
"3698999818993889","R$ 159.99"
"0149260868949590","R$ 139.99"
"1882202642905499","R$ 129.99"
"0686992797791193","R$ 69.99"
"6616894032725767","R$ 179.99"
"8209227890272283","R$ 79.99"
"8485849270489383","R$ 389.99"
"4751633104476905","R$ 129.99"
"9505546465546697","R$ 89.99"
"3757669815003970","R$ 229.99"
"4850466766598830","R$ 159.99"
"1809698447935149","R$ 99.99"
"7624584821638571","R$ 79.99"
"1083084648931091","R$ 309.99"
"2496800328284380","R$ 199.99"
"9223199280776304","R$ 149.99"
"9705938932070598","R$ 69.99"
"3070329305286261","R$ 519.99"
"4874029926148957","R$ 79.99"
"2817216281474661","R$ 149.99"
"3582574042988739","R$ 119.99"
"1930983620242093","R$ 239.99"
"8098357055087964","R$ 159.99"
"8454987352220026","R$ 349.99"
"5107861461434579","R$ 99.99"
"8920560152488192","R$ 1109.99"
"9275936228009198","R$ 69.99"
"0295368123662278","R$ 119.99"
"5833409754301251","R$ 519.99"
"3001972999322756","R$ 89.99"
"9789184900595264","R$ 219.99"
"0139994017496398","R$ 99.99"
"6886595623435046","R$ 99.99"
"8379718157814815","R$ 89.99"
"6764922543095391","R$ 99.99"
"0491055946913159","R$ 149.99"
"7691539036310458","R$ 249.99"
"2450438158916460","R$ 209.99"
"5760338557941090","R$ 159.99"
"7842907945206458","R$ 289.99"
"7878226017796626","R$ 79.99"
"6436323642144634","R$ 229.99"
"8206969490859994","R$ 149.99"
"2660232220062618","R$ 159.99"
